angry0,angry1,angry2,angry3,box0,box1,box2,box3,disgust0,disgust1,disgust2,disgust3,fear0,fear1,fear2,fear3,happy0,happy1,happy2,happy3,neutral0,neutral1,neutral2,neutral3,sad0,sad1,sad2,sad3,surprise0,surprise1,surprise2,surprise3
0.06,,,,"[785, 222, 294, 356]",,,,0.0,,,,0.01,,,,0.03,,,,0.66,,,,0.23,,,,0.01,,,
0.04,,,,"[659, 159, 70, 93]",,,,0.0,,,,0.07,,,,0.02,,,,0.11,,,,0.76,,,,0.0,,,
0.13,,,,"[577, 534, 95, 110]",,,,0.0,,,,0.01,,,,0.03,,,,0.76,,,,0.06,,,,0.01,,,
0.16,,,,"[582, 527, 95, 111]",,,,0.0,,,,0.0,,,,0.09,,,,0.7,,,,0.03,,,,0.02,,,
0.03,,,,"[596, 532, 84, 104]",,,,0.0,,,,0.0,,,,0.02,,,,0.89,,,,0.02,,,,0.04,,,
0.3,,,,"[677, 207, 51, 63]",,,,0.0,,,,0.17,,,,0.12,,,,0.18,,,,0.15,,,,0.08,,,
0.14,,,,"[678, 207, 49, 61]",,,,0.01,,,,0.34,,,,0.1,,,,0.13,,,,0.2,,,,0.09,,,
0.12,,,,"[680, 207, 48, 60]",,,,0.0,,,,0.2,,,,0.15,,,,0.3,,,,0.18,,,,0.06,,,
0.09,,,,"[681, 205, 49, 60]",,,,0.0,,,,0.22,,,,0.16,,,,0.27,,,,0.16,,,,0.1,,,
0.05,,,,"[682, 208, 50, 57]",,,,0.0,,,,0.15,,,,0.12,,,,0.43,,,,0.2,,,,0.04,,,
0.09,,,,"[683, 205, 49, 61]",,,,0.0,,,,0.15,,,,0.13,,,,0.29,,,,0.3,,,,0.04,,,
0.2,,,,"[685, 206, 48, 59]",,,,0.01,,,,0.2,,,,0.11,,,,0.15,,,,0.26,,,,0.08,,,
0.16,,,,"[687, 202, 48, 61]",,,,0.0,,,,0.08,,,,0.15,,,,0.32,,,,0.26,,,,0.02,,,
0.09,,,,"[689, 206, 47, 56]",,,,0.0,,,,0.06,,,,0.43,,,,0.29,,,,0.1,,,,0.03,,,
0.29,,,,"[689, 202, 50, 60]",,,,0.0,,,,0.07,,,,0.1,,,,0.28,,,,0.24,,,,0.01,,,
0.33,,,,"[691, 202, 50, 61]",,,,0.01,,,,0.07,,,,0.21,,,,0.16,,,,0.2,,,,0.02,,,
0.26,,,,"[694, 200, 49, 62]",,,,0.01,,,,0.08,,,,0.17,,,,0.22,,,,0.21,,,,0.05,,,
0.31,,,,"[698, 195, 49, 64]",,,,0.03,,,,0.08,,,,0.11,,,,0.17,,,,0.25,,,,0.05,,,
0.25,,,,"[699, 190, 54, 68]",,,,0.01,,,,0.12,,,,0.12,,,,0.14,,,,0.15,,,,0.21,,,
0.24,,,,"[708, 185, 52, 66]",,,,0.01,,,,0.21,,,,0.24,,,,0.09,,,,0.13,,,,0.08,,,
0.1,,,,"[547, 233, 136, 174]",,,,0.0,,,,0.11,,,,0.1,,,,0.28,,,,0.41,,,,0.0,,,
0.14,,,,"[537, 233, 139, 179]",,,,0.01,,,,0.1,,,,0.09,,,,0.15,,,,0.5,,,,0.0,,,
0.2,,,,"[525, 230, 144, 182]",,,,0.0,,,,0.25,,,,0.02,,,,0.13,,,,0.4,,,,0.01,,,
0.18,,,,"[517, 228, 142, 188]",,,,0.0,,,,0.18,,,,0.05,,,,0.21,,,,0.37,,,,0.0,,,
0.28,,,,"[511, 225, 148, 196]",,,,0.0,,,,0.06,,,,0.01,,,,0.32,,,,0.33,,,,0.0,,,
0.24,,,,"[504, 224, 145, 192]",,,,0.0,,,,0.07,,,,0.02,,,,0.29,,,,0.38,,,,0.0,,,
0.18,,,,"[505, 218, 138, 190]",,,,0.0,,,,0.08,,,,0.0,,,,0.43,,,,0.3,,,,0.0,,,
0.12,,,,"[496, 214, 143, 198]",,,,0.0,,,,0.13,,,,0.01,,,,0.29,,,,0.44,,,,0.01,,,
0.12,,,,"[494, 211, 145, 205]",,,,0.0,,,,0.09,,,,0.0,,,,0.16,,,,0.62,,,,0.0,,,
0.11,,,,"[487, 221, 141, 191]",,,,0.0,,,,0.06,,,,0.01,,,,0.45,,,,0.37,,,,0.0,,,
0.07,,,,"[481, 217, 145, 196]",,,,0.0,,,,0.09,,,,0.0,,,,0.4,,,,0.43,,,,0.0,,,
0.14,,,,"[474, 209, 149, 197]",,,,0.0,,,,0.1,,,,0.02,,,,0.45,,,,0.29,,,,0.0,,,
0.09,,,,"[468, 205, 148, 201]",,,,0.0,,,,0.05,,,,0.04,,,,0.64,,,,0.18,,,,0.0,,,
0.02,,,,"[462, 194, 150, 201]",,,,0.0,,,,0.07,,,,0.03,,,,0.74,,,,0.13,,,,0.01,,,
0.02,,,,"[446, 200, 148, 191]",,,,0.0,,,,0.03,,,,0.11,,,,0.65,,,,0.17,,,,0.01,,,
0.02,,,,"[441, 192, 152, 197]",,,,0.0,,,,0.04,,,,0.1,,,,0.6,,,,0.23,,,,0.02,,,
0.02,,,,"[444, 188, 155, 196]",,,,0.0,,,,0.04,,,,0.15,,,,0.57,,,,0.19,,,,0.03,,,
0.02,,,,"[446, 184, 155, 197]",,,,0.0,,,,0.03,,,,0.19,,,,0.49,,,,0.25,,,,0.02,,,
0.04,,,,"[453, 182, 154, 194]",,,,0.0,,,,0.05,,,,0.33,,,,0.3,,,,0.26,,,,0.03,,,
0.2,,,,"[498, 182, 80, 105]",,,,0.0,,,,0.07,,,,0.66,,,,0.04,,,,0.03,,,,0.0,,,
0.13,,,,"[487, 170, 91, 120]",,,,0.0,,,,0.03,,,,0.42,,,,0.36,,,,0.05,,,,0.01,,,
0.1,,,,"[477, 178, 85, 112]",,,,0.0,,,,0.01,,,,0.84,,,,0.05,,,,0.01,,,,0.0,,,
0.01,,,,"[469, 176, 88, 117]",,,,0.0,,,,0.0,,,,0.98,,,,0.01,,,,0.0,,,,0.0,,,
0.0,,,,"[461, 174, 92, 120]",,,,0.0,,,,0.0,,,,0.99,,,,0.0,,,,0.0,,,,0.0,,,
0.0,,,,"[453, 169, 94, 122]",,,,0.0,,,,0.0,,,,0.99,,,,0.0,,,,0.0,,,,0.0,,,
0.0,,,,"[448, 164, 98, 127]",,,,0.0,,,,0.0,,,,1.0,,,,0.0,,,,0.0,,,,0.0,,,
0.0,,,,"[447, 154, 101, 131]",,,,0.0,,,,0.0,,,,0.99,,,,0.0,,,,0.0,,,,0.01,,,
0.0,,,,"[452, 153, 99, 126]",,,,0.0,,,,0.0,,,,0.99,,,,0.0,,,,0.0,,,,0.0,,,
0.0,,,,"[458, 145, 97, 130]",,,,0.0,,,,0.0,,,,0.99,,,,0.0,,,,0.0,,,,0.0,,,
0.02,,,,"[459, 140, 103, 129]",,,,0.0,,,,0.0,,,,0.96,,,,0.0,,,,0.01,,,,0.0,,,
0.0,,,,"[468, 129, 107, 140]",,,,0.0,,,,0.0,,,,0.95,,,,0.01,,,,0.02,,,,0.01,,,
0.0,,,,"[478, 120, 103, 137]",,,,0.0,,,,0.0,,,,0.98,,,,0.0,,,,0.01,,,,0.01,,,
0.0,,,,"[480, 110, 105, 135]",,,,0.0,,,,0.0,,,,0.99,,,,0.0,,,,0.0,,,,0.0,,,
0.0,,,,"[482, 101, 106, 140]",,,,0.0,,,,0.0,,,,0.99,,,,0.0,,,,0.0,,,,0.0,,,
0.0,,,,"[481, 88, 106, 141]",,,,0.0,,,,0.0,,,,0.99,,,,0.0,,,,0.0,,,,0.0,,,
0.0,0.13,,,"[480, 80, 109, 141]","[1078, 350, 84, 111]",,,0.0,0.0,,,0.0,0.13,,,1.0,0.08,,,0.0,0.26,,,0.0,0.37,,,0.0,0.02,,
0.0,,,,"[480, 73, 111, 145]",,,,0.0,,,,0.0,,,,1.0,,,,0.0,,,,0.0,,,,0.0,,,
0.0,,,,"[483, 65, 113, 148]",,,,0.0,,,,0.0,,,,1.0,,,,0.0,,,,0.0,,,,0.0,,,
0.0,,,,"[492, 63, 111, 143]",,,,0.0,,,,0.0,,,,1.0,,,,0.0,,,,0.0,,,,0.0,,,
0.02,,,,"[587, 204, 138, 179]",,,,0.0,,,,0.04,,,,0.85,,,,0.0,,,,0.03,,,,0.05,,,
0.0,,,,"[583, 214, 143, 181]",,,,0.0,,,,0.0,,,,0.99,,,,0.0,,,,0.0,,,,0.01,,,
0.0,,,,"[586, 221, 144, 182]",,,,0.0,,,,0.0,,,,0.99,,,,0.0,,,,0.0,,,,0.01,,,
0.0,,,,"[593, 233, 146, 186]",,,,0.0,,,,0.0,,,,0.99,,,,0.0,,,,0.0,,,,0.01,,,
0.01,,,,"[595, 244, 150, 195]",,,,0.0,,,,0.01,,,,0.98,,,,0.0,,,,0.0,,,,0.01,,,
0.03,,,,"[593, 245, 163, 210]",,,,0.0,,,,0.02,,,,0.93,,,,0.0,,,,0.01,,,,0.02,,,
0.01,,,,"[588, 243, 172, 220]",,,,0.0,,,,0.01,,,,0.95,,,,0.0,,,,0.01,,,,0.01,,,
0.01,,,,"[586, 233, 172, 221]",,,,0.0,,,,0.0,,,,0.97,,,,0.0,,,,0.0,,,,0.01,,,
0.01,,,,"[595, 241, 158, 201]",,,,0.0,,,,0.0,,,,0.98,,,,0.0,,,,0.0,,,,0.0,,,
0.01,,,,"[595, 241, 158, 202]",,,,0.0,,,,0.0,,,,0.99,,,,0.0,,,,0.0,,,,0.0,,,
0.01,,,,"[597, 245, 156, 204]",,,,0.0,,,,0.01,,,,0.97,,,,0.0,,,,0.0,,,,0.01,,,
0.01,,,,"[595, 250, 157, 206]",,,,0.0,,,,0.0,,,,0.98,,,,0.0,,,,0.0,,,,0.01,,,
0.0,,,,"[597, 267, 155, 201]",,,,0.0,,,,0.0,,,,0.99,,,,0.0,,,,0.0,,,,0.0,,,
0.0,,,,"[597, 270, 157, 204]",,,,0.0,,,,0.01,,,,0.98,,,,0.0,,,,0.0,,,,0.01,,,
0.01,,,,"[591, 258, 171, 216]",,,,0.0,,,,0.01,,,,0.96,,,,0.0,,,,0.01,,,,0.01,,,
0.01,,,,"[592, 242, 164, 212]",,,,0.0,,,,0.0,,,,0.96,,,,0.01,,,,0.01,,,,0.0,,,
0.04,,,,"[597, 246, 152, 191]",,,,0.0,,,,0.02,,,,0.86,,,,0.02,,,,0.05,,,,0.02,,,
0.01,,,,"[589, 240, 145, 180]",,,,0.0,,,,0.0,,,,0.97,,,,0.01,,,,0.01,,,,0.01,,,
0.01,,,,"[594, 236, 130, 169]",,,,0.0,,,,0.01,,,,0.95,,,,0.01,,,,0.01,,,,0.02,,,
0.04,,,,"[598, 238, 122, 158]",,,,0.0,,,,0.04,,,,0.78,,,,0.01,,,,0.05,,,,0.08,,,
0.07,0.01,,,"[0, 207, 124, 168]","[599, 239, 122, 160]",,,0.0,0.0,,,0.06,0.02,,,0.73,0.9,,,0.01,0.01,,,0.01,0.02,,,0.12,0.05,,
0.01,,,,"[238, 98, 110, 138]",,,,0.0,,,,0.0,,,,0.98,,,,0.0,,,,0.01,,,,0.0,,,
0.02,,,,"[236, 99, 113, 141]",,,,0.0,,,,0.01,,,,0.93,,,,0.0,,,,0.03,,,,0.0,,,
0.01,,,,"[237, 103, 113, 139]",,,,0.0,,,,0.0,,,,0.95,,,,0.0,,,,0.03,,,,0.0,,,
0.03,,,,"[244, 101, 114, 139]",,,,0.0,,,,0.0,,,,0.91,,,,0.01,,,,0.03,,,,0.01,,,
0.18,,,,"[728, 135, 119, 168]",,,,0.0,,,,0.04,,,,0.6,,,,0.13,,,,0.04,,,,0.01,,,
0.04,,,,"[727, 134, 127, 166]",,,,0.0,,,,0.01,,,,0.89,,,,0.03,,,,0.01,,,,0.0,,,
0.14,,,,"[737, 132, 133, 175]",,,,0.0,,,,0.04,,,,0.74,,,,0.03,,,,0.04,,,,0.01,,,
0.01,,,,"[745, 133, 134, 175]",,,,0.0,,,,0.01,,,,0.97,,,,0.01,,,,0.01,,,,0.0,,,
0.0,0.0,,,"[330, 107, 118, 141]","[760, 131, 135, 176]",,,0.0,0.0,,,0.0,0.0,,,0.99,1.0,,,0.0,0.0,,,0.0,0.0,,,0.0,0.0,,
0.0,0.0,,,"[357, 110, 116, 138]","[769, 129, 135, 180]",,,0.0,0.0,,,0.0,0.0,,,0.99,1.0,,,0.0,0.0,,,0.0,0.0,,,0.0,0.0,,
0.0,0.0,,,"[378, 105, 125, 153]","[768, 128, 145, 187]",,,0.0,0.0,,,0.0,0.0,,,0.98,1.0,,,0.01,0.0,,,0.01,0.0,,,0.0,0.0,,
0.0,0.0,,,"[774, 139, 141, 176]","[402, 105, 125, 153]",,,0.0,0.0,,,0.0,0.0,,,1.0,0.94,,,0.0,0.0,,,0.0,0.05,,,0.0,0.0,,
0.0,0.0,,,"[782, 142, 133, 167]","[422, 104, 129, 159]",,,0.0,0.0,,,0.0,0.0,,,1.0,0.97,,,0.0,0.01,,,0.0,0.01,,,0.0,0.0,,
0.0,0.01,,,"[783, 143, 132, 167]","[446, 106, 128, 153]",,,0.0,0.0,,,0.0,0.02,,,1.0,0.81,,,0.0,0.04,,,0.0,0.13,,,0.0,0.0,,
0.0,0.03,,,"[780, 143, 135, 168]","[465, 106, 132, 161]",,,0.0,0.0,,,0.0,0.02,,,1.0,0.77,,,0.0,0.04,,,0.0,0.13,,,0.0,0.0,,
0.14,0.34,,,"[666, 77, 219, 291]","[427, 203, 57, 72]",,,0.01,0.0,,,0.16,0.17,,,0.08,0.21,,,0.11,0.1,,,0.13,0.08,,,0.38,0.1,,
0.16,,,,"[661, 98, 192, 256]",,,,0.05,,,,0.16,,,,0.32,,,,0.11,,,,0.13,,,,0.08,,,
0.18,,,,"[657, 101, 184, 254]",,,,0.03,,,,0.23,,,,0.22,,,,0.15,,,,0.11,,,,0.09,,,
0.11,,,,"[647, 116, 189, 251]",,,,0.02,,,,0.26,,,,0.16,,,,0.19,,,,0.17,,,,0.1,,,
0.07,,,,"[637, 129, 185, 248]",,,,0.03,,,,0.18,,,,0.12,,,,0.29,,,,0.2,,,,0.11,,,
0.16,,,,"[625, 144, 187, 251]",,,,0.01,,,,0.14,,,,0.12,,,,0.28,,,,0.21,,,,0.06,,,
0.14,,,,"[614, 155, 189, 256]",,,,0.0,,,,0.1,,,,0.2,,,,0.36,,,,0.17,,,,0.03,,,
0.17,,,,"[604, 161, 192, 251]",,,,0.0,,,,0.12,,,,0.06,,,,0.41,,,,0.15,,,,0.1,,,
0.21,,,,"[599, 176, 189, 245]",,,,0.01,,,,0.08,,,,0.03,,,,0.46,,,,0.19,,,,0.03,,,
0.09,,,,"[595, 184, 184, 235]",,,,0.02,,,,0.12,,,,0.06,,,,0.45,,,,0.2,,,,0.05,,,
0.07,,,,"[587, 188, 187, 233]",,,,0.01,,,,0.22,,,,0.15,,,,0.29,,,,0.16,,,,0.1,,,
0.02,,,,"[576, 176, 193, 242]",,,,0.0,,,,0.09,,,,0.46,,,,0.29,,,,0.06,,,,0.07,,,
0.03,,,,"[567, 168, 196, 242]",,,,0.0,,,,0.15,,,,0.41,,,,0.19,,,,0.08,,,,0.13,,,
0.02,0.22,,,"[557, 166, 191, 239]","[402, 440, 59, 82]",,,0.0,0.01,,,0.16,0.24,,,0.45,0.36,,,0.14,0.05,,,0.15,0.11,,,0.08,0.01,,
0.02,0.16,,,"[543, 154, 195, 238]","[377, 439, 56, 79]",,,0.0,0.03,,,0.1,0.19,,,0.46,0.43,,,0.16,0.05,,,0.14,0.11,,,0.12,0.01,,
0.03,0.11,,,"[521, 134, 200, 250]","[315, 425, 86, 110]",,,0.0,0.01,,,0.13,0.29,,,0.34,0.26,,,0.18,0.07,,,0.15,0.25,,,0.19,0.01,,
0.02,,,,"[506, 126, 208, 261]",,,,0.0,,,,0.09,,,,0.45,,,,0.17,,,,0.12,,,,0.15,,,
0.01,,,,"[502, 111, 203, 254]",,,,0.0,,,,0.07,,,,0.45,,,,0.16,,,,0.07,,,,0.24,,,
0.01,,,,"[506, 108, 199, 247]",,,,0.0,,,,0.06,,,,0.36,,,,0.39,,,,0.1,,,,0.09,,,
0.01,,,,"[507, 105, 200, 246]",,,,0.0,,,,0.02,,,,0.34,,,,0.58,,,,0.03,,,,0.03,,,
0.01,,,,"[505, 97, 203, 253]",,,,0.0,,,,0.04,,,,0.17,,,,0.69,,,,0.05,,,,0.04,,,
0.01,,,,"[493, 96, 210, 264]",,,,0.0,,,,0.07,,,,0.21,,,,0.58,,,,0.07,,,,0.06,,,
0.01,,,,"[481, 98, 210, 263]",,,,0.0,,,,0.06,,,,0.16,,,,0.63,,,,0.05,,,,0.08,,,
0.01,,,,"[477, 105, 212, 262]",,,,0.0,,,,0.07,,,,0.16,,,,0.59,,,,0.06,,,,0.12,,,
0.01,,,,"[482, 105, 217, 275]",,,,0.0,,,,0.05,,,,0.49,,,,0.29,,,,0.04,,,,0.13,,,
0.01,,,,"[487, 124, 215, 263]",,,,0.0,,,,0.06,,,,0.33,,,,0.47,,,,0.03,,,,0.09,,,
0.07,,,,"[329, 160, 94, 118]",,,,0.0,,,,0.18,,,,0.23,,,,0.07,,,,0.45,,,,0.0,,,
0.08,,,,"[328, 161, 95, 118]",,,,0.0,,,,0.22,,,,0.12,,,,0.07,,,,0.51,,,,0.0,,,
0.07,,,,"[326, 162, 96, 118]",,,,0.0,,,,0.26,,,,0.13,,,,0.07,,,,0.46,,,,0.01,,,
0.04,,,,"[327, 164, 93, 115]",,,,0.0,,,,0.19,,,,0.24,,,,0.07,,,,0.47,,,,0.0,,,
0.05,,,,"[329, 166, 90, 113]",,,,0.0,,,,0.23,,,,0.18,,,,0.07,,,,0.47,,,,0.0,,,
0.04,,,,"[329, 166, 90, 114]",,,,0.0,,,,0.18,,,,0.17,,,,0.09,,,,0.52,,,,0.0,,,
0.08,,,,"[328, 166, 93, 118]",,,,0.0,,,,0.15,,,,0.07,,,,0.07,,,,0.62,,,,0.0,,,
0.06,,,,"[328, 167, 93, 116]",,,,0.0,,,,0.2,,,,0.07,,,,0.1,,,,0.57,,,,0.0,,,
0.05,,,,"[326, 167, 95, 117]",,,,0.0,,,,0.18,,,,0.07,,,,0.1,,,,0.6,,,,0.0,,,
0.05,,,,"[326, 168, 95, 117]",,,,0.0,,,,0.17,,,,0.07,,,,0.09,,,,0.61,,,,0.0,,,
0.08,,,,"[326, 168, 95, 119]",,,,0.0,,,,0.18,,,,0.05,,,,0.09,,,,0.6,,,,0.0,,,
0.08,,,,"[327, 169, 94, 118]",,,,0.0,,,,0.15,,,,0.05,,,,0.11,,,,0.6,,,,0.0,,,
0.44,,,,"[550, 403, 27, 30]",,,,0.01,,,,0.04,,,,0.26,,,,0.02,,,,0.18,,,,0.04,,,
0.05,,,,"[616, 0, 185, 192]",,,,0.01,,,,0.66,,,,0.0,,,,0.0,,,,0.26,,,,0.01,,,
0.06,,,,"[615, 0, 181, 205]",,,,0.01,,,,0.57,,,,0.0,,,,0.01,,,,0.34,,,,0.01,,,
0.15,,,,"[602, 3, 181, 232]",,,,0.03,,,,0.32,,,,0.07,,,,0.04,,,,0.36,,,,0.03,,,
0.1,,,,"[591, 20, 184, 230]",,,,0.05,,,,0.44,,,,0.02,,,,0.03,,,,0.35,,,,0.01,,,
0.11,,,,"[586, 42, 177, 223]",,,,0.04,,,,0.45,,,,0.03,,,,0.05,,,,0.31,,,,0.01,,,
0.13,,,,"[581, 65, 174, 217]",,,,0.06,,,,0.64,,,,0.01,,,,0.01,,,,0.13,,,,0.02,,,
0.11,,,,"[563, 80, 183, 232]",,,,0.01,,,,0.7,,,,0.0,,,,0.0,,,,0.17,,,,0.01,,,
0.15,,,,"[559, 95, 179, 226]",,,,0.07,,,,0.7,,,,0.0,,,,0.0,,,,0.08,,,,0.0,,,
0.2,,,,"[550, 118, 176, 225]",,,,0.01,,,,0.68,,,,0.0,,,,0.0,,,,0.1,,,,0.01,,,
0.11,,,,"[551, 121, 175, 219]",,,,0.01,,,,0.71,,,,0.0,,,,0.0,,,,0.17,,,,0.0,,,
0.07,,,,"[541, 143, 175, 221]",,,,0.13,,,,0.6,,,,0.0,,,,0.01,,,,0.18,,,,0.01,,,
0.05,,,,"[540, 159, 171, 214]",,,,0.14,,,,0.56,,,,0.0,,,,0.01,,,,0.16,,,,0.09,,,
0.06,,,,"[540, 169, 177, 214]",,,,0.02,,,,0.59,,,,0.0,,,,0.01,,,,0.12,,,,0.2,,,
0.13,,,,"[536, 184, 171, 210]",,,,0.01,,,,0.46,,,,0.0,,,,0.03,,,,0.15,,,,0.22,,,
0.07,,,,"[540, 193, 177, 212]",,,,0.01,,,,0.55,,,,0.0,,,,0.02,,,,0.23,,,,0.11,,,
0.14,,,,"[540, 192, 178, 222]",,,,0.0,,,,0.53,,,,0.0,,,,0.03,,,,0.29,,,,0.0,,,
0.05,,,,"[544, 219, 172, 211]",,,,0.01,,,,0.74,,,,0.0,,,,0.01,,,,0.17,,,,0.01,,,
0.06,,,,"[546, 222, 172, 210]",,,,0.0,,,,0.74,,,,0.0,,,,0.01,,,,0.18,,,,0.01,,,
0.05,,,,"[550, 222, 175, 216]",,,,0.0,,,,0.67,,,,0.0,,,,0.02,,,,0.25,,,,0.0,,,
0.05,,,,"[549, 241, 172, 214]",,,,0.01,,,,0.75,,,,0.0,,,,0.04,,,,0.15,,,,0.01,,,
0.08,,,,"[550, 247, 170, 214]",,,,0.01,,,,0.64,,,,0.0,,,,0.02,,,,0.23,,,,0.02,,,
0.05,,,,"[556, 247, 176, 212]",,,,0.0,,,,0.71,,,,0.0,,,,0.02,,,,0.22,,,,0.02,,,
0.1,,,,"[554, 259, 176, 212]",,,,0.0,,,,0.59,,,,0.0,,,,0.01,,,,0.17,,,,0.13,,,
0.12,,,,"[553, 267, 177, 211]",,,,0.0,,,,0.59,,,,0.0,,,,0.01,,,,0.06,,,,0.22,,,
0.06,,,,"[555, 274, 172, 212]",,,,0.0,,,,0.59,,,,0.0,,,,0.02,,,,0.21,,,,0.12,,,
0.14,,,,"[551, 289, 173, 212]",,,,0.0,,,,0.51,,,,0.0,,,,0.01,,,,0.13,,,,0.21,,,
0.22,,,,"[551, 300, 171, 212]",,,,0.0,,,,0.52,,,,0.0,,,,0.01,,,,0.1,,,,0.15,,,
0.3,,,,"[551, 306, 176, 219]",,,,0.0,,,,0.32,,,,0.0,,,,0.01,,,,0.32,,,,0.05,,,
0.17,,,,"[551, 314, 174, 217]",,,,0.0,,,,0.28,,,,0.0,,,,0.01,,,,0.52,,,,0.01,,,
0.08,,,,"[547, 319, 178, 218]",,,,0.0,,,,0.22,,,,0.0,,,,0.02,,,,0.68,,,,0.0,,,
0.05,,,,"[546, 316, 179, 225]",,,,0.0,,,,0.11,,,,0.0,,,,0.03,,,,0.8,,,,0.0,,,
0.04,,,,"[549, 320, 174, 223]",,,,0.0,,,,0.16,,,,0.0,,,,0.04,,,,0.77,,,,0.0,,,
0.06,,,,"[545, 329, 167, 211]",,,,0.0,,,,0.27,,,,0.0,,,,0.03,,,,0.63,,,,0.0,,,
0.04,,,,"[543, 323, 177, 224]",,,,0.0,,,,0.15,,,,0.0,,,,0.03,,,,0.78,,,,0.0,,,
0.05,,,,"[546, 327, 172, 219]",,,,0.0,,,,0.19,,,,0.0,,,,0.05,,,,0.71,,,,0.0,,,
0.07,,,,"[547, 332, 169, 215]",,,,0.0,,,,0.24,,,,0.0,,,,0.05,,,,0.63,,,,0.01,,,
0.05,,,,"[547, 336, 170, 215]",,,,0.0,,,,0.19,,,,0.0,,,,0.05,,,,0.71,,,,0.0,,,
0.09,,,,"[548, 335, 167, 214]",,,,0.0,,,,0.27,,,,0.0,,,,0.04,,,,0.59,,,,0.01,,,
0.18,,,,"[549, 330, 168, 213]",,,,0.0,,,,0.21,,,,0.0,,,,0.03,,,,0.57,,,,0.01,,,
0.31,,,,"[553, 323, 168, 209]",,,,0.0,,,,0.41,,,,0.0,,,,0.02,,,,0.25,,,,0.02,,,
0.39,,,,"[556, 308, 173, 217]",,,,0.0,,,,0.26,,,,0.0,,,,0.01,,,,0.33,,,,0.0,,,
0.24,,,,"[560, 301, 174, 214]",,,,0.0,,,,0.46,,,,0.0,,,,0.0,,,,0.3,,,,0.0,,,
0.1,,,,"[558, 292, 180, 221]",,,,0.0,,,,0.61,,,,0.0,,,,0.0,,,,0.28,,,,0.01,,,
0.08,,,,"[562, 286, 181, 221]",,,,0.0,,,,0.66,,,,0.0,,,,0.0,,,,0.25,,,,0.0,,,
0.1,,,,"[561, 282, 186, 227]",,,,0.0,,,,0.59,,,,0.0,,,,0.0,,,,0.29,,,,0.01,,,
0.06,,,,"[565, 278, 178, 225]",,,,0.0,,,,0.71,,,,0.0,,,,0.0,,,,0.22,,,,0.0,,,
0.07,,,,"[568, 287, 170, 211]",,,,0.0,,,,0.8,,,,0.0,,,,0.0,,,,0.1,,,,0.02,,,
0.12,,,,"[569, 283, 169, 213]",,,,0.0,,,,0.7,,,,0.0,,,,0.0,,,,0.15,,,,0.02,,,
0.07,,,,"[568, 283, 170, 213]",,,,0.0,,,,0.75,,,,0.0,,,,0.0,,,,0.15,,,,0.02,,,
0.08,,,,"[567, 282, 169, 212]",,,,0.01,,,,0.82,,,,0.0,,,,0.0,,,,0.08,,,,0.01,,,
0.11,,,,"[566, 283, 169, 212]",,,,0.01,,,,0.77,,,,0.0,,,,0.0,,,,0.07,,,,0.03,,,
0.06,,,,"[563, 283, 169, 213]",,,,0.0,,,,0.63,,,,0.0,,,,0.01,,,,0.27,,,,0.02,,,
0.09,,,,"[561, 283, 170, 212]",,,,0.0,,,,0.38,,,,0.0,,,,0.02,,,,0.51,,,,0.0,,,
0.07,,,,"[560, 279, 170, 215]",,,,0.0,,,,0.23,,,,0.0,,,,0.01,,,,0.69,,,,0.0,,,
0.06,,,,"[556, 277, 170, 214]",,,,0.0,,,,0.21,,,,0.0,,,,0.0,,,,0.72,,,,0.0,,,
0.09,,,,"[559, 269, 176, 224]",,,,0.0,,,,0.16,,,,0.01,,,,0.01,,,,0.72,,,,0.0,,,
0.1,,,,"[561, 274, 165, 209]",,,,0.0,,,,0.29,,,,0.01,,,,0.02,,,,0.57,,,,0.0,,,
0.1,,,,"[561, 268, 171, 219]",,,,0.0,,,,0.22,,,,0.0,,,,0.03,,,,0.63,,,,0.0,,,
0.1,,,,"[559, 262, 175, 223]",,,,0.0,,,,0.24,,,,0.0,,,,0.05,,,,0.6,,,,0.01,,,
0.12,,,,"[552, 259, 167, 217]",,,,0.0,,,,0.25,,,,0.0,,,,0.05,,,,0.56,,,,0.02,,,
0.11,,,,"[552, 258, 166, 217]",,,,0.0,,,,0.24,,,,0.0,,,,0.04,,,,0.6,,,,0.01,,,
0.18,,,,"[551, 256, 167, 217]",,,,0.0,,,,0.2,,,,0.0,,,,0.03,,,,0.58,,,,0.01,,,
0.27,,,,"[546, 255, 169, 216]",,,,0.0,,,,0.18,,,,0.0,,,,0.04,,,,0.51,,,,0.01,,,
0.21,,,,"[547, 250, 168, 220]",,,,0.0,,,,0.21,,,,0.0,,,,0.05,,,,0.52,,,,0.01,,,
0.12,,,,"[539, 241, 173, 226]",,,,0.0,,,,0.2,,,,0.01,,,,0.08,,,,0.57,,,,0.0,,,
0.09,,,,"[540, 232, 180, 229]",,,,0.0,,,,0.29,,,,0.0,,,,0.08,,,,0.53,,,,0.0,,,
0.11,,,,"[541, 230, 177, 224]",,,,0.0,,,,0.2,,,,0.0,,,,0.12,,,,0.55,,,,0.0,,,
0.1,,,,"[542, 228, 174, 222]",,,,0.0,,,,0.17,,,,0.01,,,,0.1,,,,0.62,,,,0.0,,,
0.11,,,,"[542, 225, 173, 223]",,,,0.0,,,,0.15,,,,0.01,,,,0.09,,,,0.64,,,,0.0,,,
0.14,,,,"[542, 221, 173, 224]",,,,0.0,,,,0.16,,,,0.01,,,,0.1,,,,0.59,,,,0.0,,,
0.16,,,,"[543, 213, 176, 231]",,,,0.0,,,,0.22,,,,0.01,,,,0.08,,,,0.53,,,,0.0,,,
0.28,,,,"[550, 215, 169, 227]",,,,0.02,,,,0.21,,,,0.02,,,,0.11,,,,0.36,,,,0.01,,,
0.24,,,,"[551, 214, 167, 228]",,,,0.01,,,,0.22,,,,0.03,,,,0.1,,,,0.41,,,,0.0,,,
0.29,,,,"[548, 213, 178, 219]",,,,0.01,,,,0.23,,,,0.02,,,,0.08,,,,0.34,,,,0.02,,,
0.17,,,,"[545, 202, 176, 233]",,,,0.0,,,,0.18,,,,0.01,,,,0.08,,,,0.55,,,,0.01,,,
0.55,,,,"[929, 169, 107, 140]",,,,0.0,,,,0.09,,,,0.01,,,,0.07,,,,0.26,,,,0.01,,,
0.62,,,,"[928, 168, 109, 141]",,,,0.0,,,,0.1,,,,0.02,,,,0.05,,,,0.2,,,,0.01,,,
0.64,,,,"[928, 164, 111, 147]",,,,0.0,,,,0.09,,,,0.02,,,,0.05,,,,0.17,,,,0.02,,,
0.63,,,,"[932, 161, 111, 150]",,,,0.0,,,,0.08,,,,0.04,,,,0.08,,,,0.16,,,,0.02,,,
0.41,,,,"[930, 156, 108, 152]",,,,0.0,,,,0.09,,,,0.06,,,,0.16,,,,0.26,,,,0.03,,,
0.36,,,,"[928, 152, 110, 150]",,,,0.0,,,,0.07,,,,0.09,,,,0.22,,,,0.22,,,,0.04,,,
0.48,,,,"[934, 145, 102, 147]",,,,0.0,,,,0.08,,,,0.13,,,,0.19,,,,0.1,,,,0.02,,,
0.44,,,,"[932, 135, 103, 152]",,,,0.0,,,,0.12,,,,0.1,,,,0.12,,,,0.13,,,,0.08,,,
0.36,,,,"[937, 138, 97, 138]",,,,0.0,,,,0.13,,,,0.1,,,,0.18,,,,0.18,,,,0.05,,,
0.44,,,,"[935, 135, 104, 134]",,,,0.0,,,,0.15,,,,0.14,,,,0.07,,,,0.12,,,,0.08,,,
0.43,,,,"[941, 136, 99, 135]",,,,0.0,,,,0.13,,,,0.16,,,,0.14,,,,0.11,,,,0.03,,,
0.31,,,,"[944, 138, 97, 130]",,,,0.0,,,,0.18,,,,0.18,,,,0.17,,,,0.14,,,,0.01,,,
0.44,,,,"[945, 137, 98, 133]",,,,0.0,,,,0.19,,,,0.05,,,,0.12,,,,0.14,,,,0.05,,,
0.52,,,,"[947, 136, 99, 134]",,,,0.0,,,,0.14,,,,0.04,,,,0.09,,,,0.17,,,,0.03,,,
0.45,,,,"[948, 131, 103, 143]",,,,0.0,,,,0.14,,,,0.1,,,,0.11,,,,0.14,,,,0.06,,,
0.41,,,,"[950, 130, 105, 144]",,,,0.0,,,,0.25,,,,0.08,,,,0.1,,,,0.11,,,,0.05,,,
0.38,,,,"[949, 135, 101, 136]",,,,0.0,,,,0.26,,,,0.05,,,,0.12,,,,0.18,,,,0.0,,,
0.33,,,,"[952, 136, 100, 132]",,,,0.0,,,,0.21,,,,0.04,,,,0.13,,,,0.28,,,,0.0,,,
0.31,,,,"[952, 138, 100, 130]",,,,0.0,,,,0.27,,,,0.04,,,,0.11,,,,0.26,,,,0.01,,,
0.36,,,,"[952, 138, 99, 130]",,,,0.01,,,,0.24,,,,0.05,,,,0.1,,,,0.24,,,,0.01,,,
0.18,,,,"[949, 136, 103, 136]",,,,0.0,,,,0.28,,,,0.07,,,,0.23,,,,0.24,,,,0.01,,,
0.25,,,,"[951, 136, 101, 133]",,,,0.01,,,,0.37,,,,0.06,,,,0.12,,,,0.19,,,,0.0,,,
0.18,,,,"[951, 137, 101, 133]",,,,0.0,,,,0.3,,,,0.1,,,,0.25,,,,0.15,,,,0.01,,,
0.27,,,,"[952, 137, 100, 131]",,,,0.0,,,,0.39,,,,0.03,,,,0.05,,,,0.25,,,,0.0,,,
0.24,,,,"[954, 139, 99, 128]",,,,0.0,,,,0.32,,,,0.03,,,,0.11,,,,0.29,,,,0.0,,,
0.28,,,,"[955, 140, 98, 126]",,,,0.0,,,,0.27,,,,0.04,,,,0.12,,,,0.28,,,,0.01,,,
0.2,,,,"[956, 139, 98, 127]",,,,0.0,,,,0.31,,,,0.02,,,,0.12,,,,0.34,,,,0.0,,,
0.19,,,,"[957, 137, 100, 130]",,,,0.0,,,,0.17,,,,0.03,,,,0.17,,,,0.43,,,,0.0,,,
0.16,,,,"[957, 138, 99, 128]",,,,0.0,,,,0.18,,,,0.03,,,,0.17,,,,0.46,,,,0.0,,,
0.18,,,,"[957, 138, 100, 129]",,,,0.0,,,,0.19,,,,0.04,,,,0.16,,,,0.43,,,,0.0,,,
0.17,,,,"[956, 138, 102, 130]",,,,0.0,,,,0.16,,,,0.08,,,,0.26,,,,0.32,,,,0.0,,,
0.2,,,,"[956, 137, 102, 131]",,,,0.0,,,,0.23,,,,0.07,,,,0.19,,,,0.31,,,,0.0,,,
0.22,,,,"[957, 138, 101, 130]",,,,0.0,,,,0.19,,,,0.04,,,,0.19,,,,0.35,,,,0.01,,,
0.2,,,,"[957, 138, 102, 131]",,,,0.0,,,,0.17,,,,0.06,,,,0.22,,,,0.35,,,,0.01,,,
0.22,,,,"[874, 186, 93, 148]",,,,0.0,,,,0.08,,,,0.08,,,,0.05,,,,0.53,,,,0.05,,,
0.26,,,,"[883, 190, 96, 145]",,,,0.0,,,,0.05,,,,0.11,,,,0.07,,,,0.43,,,,0.07,,,
0.46,,,,"[897, 190, 100, 149]",,,,0.0,,,,0.08,,,,0.06,,,,0.06,,,,0.29,,,,0.05,,,
0.62,,,,"[908, 191, 100, 150]",,,,0.0,,,,0.06,,,,0.07,,,,0.05,,,,0.18,,,,0.03,,,
0.56,,,,"[914, 193, 102, 148]",,,,0.01,,,,0.11,,,,0.06,,,,0.05,,,,0.19,,,,0.02,,,
0.22,,,,"[921, 200, 97, 139]",,,,0.0,,,,0.08,,,,0.49,,,,0.05,,,,0.15,,,,0.01,,,
0.3,,,,"[923, 201, 104, 144]",,,,0.0,,,,0.13,,,,0.31,,,,0.04,,,,0.19,,,,0.02,,,
0.2,,,,"[927, 208, 100, 136]",,,,0.0,,,,0.13,,,,0.56,,,,0.03,,,,0.06,,,,0.02,,,
0.13,,,,"[931, 205, 106, 142]",,,,0.0,,,,0.05,,,,0.73,,,,0.02,,,,0.07,,,,0.0,,,
0.12,,,,"[935, 202, 109, 147]",,,,0.0,,,,0.12,,,,0.58,,,,0.03,,,,0.15,,,,0.01,,,
0.04,,,,"[944, 205, 102, 140]",,,,0.0,,,,0.04,,,,0.87,,,,0.02,,,,0.02,,,,0.0,,,
0.03,,,,"[944, 200, 103, 141]",,,,0.0,,,,0.04,,,,0.89,,,,0.02,,,,0.02,,,,0.0,,,
0.07,,,,"[939, 192, 105, 142]",,,,0.0,,,,0.09,,,,0.73,,,,0.03,,,,0.07,,,,0.0,,,
0.02,,,,"[936, 184, 106, 146]",,,,0.0,,,,0.02,,,,0.89,,,,0.04,,,,0.02,,,,0.0,,,
0.01,,,,"[922, 179, 118, 157]",,,,0.0,,,,0.01,,,,0.95,,,,0.02,,,,0.01,,,,0.0,,,
0.0,,,,"[928, 180, 113, 151]",,,,0.0,,,,0.0,,,,0.99,,,,0.01,,,,0.0,,,,0.0,,,
0.0,,,,"[928, 178, 113, 153]",,,,0.0,,,,0.0,,,,0.98,,,,0.01,,,,0.0,,,,0.0,,,
0.37,,,,"[372, 154, 146, 184]",,,,0.0,,,,0.22,,,,0.09,,,,0.07,,,,0.19,,,,0.06,,,
0.16,,,,"[376, 153, 145, 185]",,,,0.0,,,,0.29,,,,0.06,,,,0.15,,,,0.27,,,,0.06,,,
0.19,,,,"[386, 151, 145, 183]",,,,0.0,,,,0.28,,,,0.04,,,,0.22,,,,0.26,,,,0.01,,,
0.35,,,,"[386, 148, 144, 182]",,,,0.0,,,,0.22,,,,0.09,,,,0.14,,,,0.15,,,,0.05,,,
0.16,,,,"[390, 145, 147, 184]",,,,0.0,,,,0.35,,,,0.01,,,,0.26,,,,0.2,,,,0.02,,,
0.21,,,,"[395, 145, 142, 175]",,,,0.0,,,,0.15,,,,0.02,,,,0.45,,,,0.16,,,,0.01,,,
0.29,,,,"[399, 143, 140, 175]",,,,0.0,,,,0.12,,,,0.01,,,,0.44,,,,0.14,,,,0.01,,,
0.31,,,,"[402, 143, 141, 175]",,,,0.0,,,,0.1,,,,0.03,,,,0.45,,,,0.1,,,,0.0,,,
0.21,,,,"[410, 142, 146, 181]",,,,0.0,,,,0.09,,,,0.09,,,,0.38,,,,0.21,,,,0.01,,,
0.42,,,,"[410, 146, 143, 180]",,,,0.0,,,,0.19,,,,0.08,,,,0.14,,,,0.16,,,,0.01,,,
0.18,,,,"[418, 148, 144, 184]",,,,0.0,,,,0.17,,,,0.05,,,,0.49,,,,0.1,,,,0.01,,,
0.17,,,,"[424, 150, 146, 188]",,,,0.0,,,,0.1,,,,0.04,,,,0.53,,,,0.16,,,,0.01,,,
0.36,,,,"[431, 152, 149, 189]",,,,0.0,,,,0.25,,,,0.03,,,,0.18,,,,0.15,,,,0.03,,,
0.32,,,,"[440, 151, 146, 190]",,,,0.0,,,,0.16,,,,0.07,,,,0.29,,,,0.15,,,,0.01,,,
0.36,,,,"[445, 148, 148, 191]",,,,0.0,,,,0.2,,,,0.11,,,,0.16,,,,0.17,,,,0.01,,,
0.39,,,,"[451, 148, 144, 188]",,,,0.0,,,,0.33,,,,0.04,,,,0.05,,,,0.16,,,,0.02,,,
0.48,,,,"[456, 148, 142, 188]",,,,0.0,,,,0.22,,,,0.02,,,,0.07,,,,0.21,,,,0.01,,,
0.2,,,,"[461, 149, 140, 190]",,,,0.0,,,,0.41,,,,0.01,,,,0.16,,,,0.18,,,,0.03,,,
0.18,,,,"[465, 156, 144, 190]",,,,0.0,,,,0.2,,,,0.02,,,,0.36,,,,0.22,,,,0.02,,,
0.31,,,,"[466, 172, 140, 176]",,,,0.0,,,,0.14,,,,0.02,,,,0.32,,,,0.18,,,,0.03,,,
0.28,,,,"[472, 159, 148, 192]",,,,0.01,,,,0.35,,,,0.01,,,,0.14,,,,0.15,,,,0.07,,,
0.23,,,,"[475, 160, 149, 192]",,,,0.01,,,,0.39,,,,0.02,,,,0.1,,,,0.15,,,,0.11,,,
0.1,,,,"[477, 168, 145, 185]",,,,0.01,,,,0.36,,,,0.03,,,,0.07,,,,0.07,,,,0.37,,,
0.05,,,,"[477, 162, 149, 188]",,,,0.0,,,,0.23,,,,0.06,,,,0.06,,,,0.05,,,,0.55,,,
0.09,,,,"[476, 155, 143, 189]",,,,0.0,,,,0.2,,,,0.11,,,,0.05,,,,0.07,,,,0.48,,,
0.11,,,,"[475, 150, 147, 192]",,,,0.0,,,,0.25,,,,0.06,,,,0.08,,,,0.06,,,,0.44,,,
0.07,,,,"[474, 147, 148, 193]",,,,0.0,,,,0.12,,,,0.09,,,,0.18,,,,0.05,,,,0.49,,,
0.05,,,,"[474, 146, 147, 194]",,,,0.0,,,,0.1,,,,0.17,,,,0.34,,,,0.04,,,,0.3,,,
0.1,,,,"[474, 146, 145, 191]",,,,0.0,,,,0.12,,,,0.06,,,,0.4,,,,0.04,,,,0.28,,,
0.13,,,,"[478, 151, 140, 177]",,,,0.0,,,,0.07,,,,0.04,,,,0.6,,,,0.06,,,,0.1,,,
0.11,,,,"[473, 145, 142, 182]",,,,0.0,,,,0.04,,,,0.05,,,,0.7,,,,0.06,,,,0.03,,,
0.09,,,,"[472, 143, 142, 182]",,,,0.0,,,,0.02,,,,0.03,,,,0.74,,,,0.09,,,,0.03,,,
0.06,,,,"[470, 144, 140, 177]",,,,0.0,,,,0.03,,,,0.04,,,,0.75,,,,0.08,,,,0.04,,,
0.06,,,,"[466, 144, 141, 176]",,,,0.0,,,,0.02,,,,0.04,,,,0.73,,,,0.08,,,,0.06,,,
0.04,,,,"[462, 144, 141, 175]",,,,0.0,,,,0.05,,,,0.02,,,,0.74,,,,0.09,,,,0.06,,,
0.03,,,,"[457, 140, 141, 179]",,,,0.0,,,,0.03,,,,0.05,,,,0.78,,,,0.07,,,,0.04,,,
0.21,,,,"[405, 141, 212, 262]",,,,0.0,,,,0.08,,,,0.28,,,,0.13,,,,0.22,,,,0.08,,,
0.38,,,,"[410, 138, 215, 269]",,,,0.0,,,,0.08,,,,0.17,,,,0.09,,,,0.25,,,,0.04,,,
0.32,,,,"[405, 142, 216, 266]",,,,0.0,,,,0.12,,,,0.16,,,,0.08,,,,0.27,,,,0.05,,,
0.27,,,,"[404, 140, 221, 271]",,,,0.0,,,,0.09,,,,0.22,,,,0.07,,,,0.3,,,,0.06,,,
0.33,,,,"[400, 138, 221, 276]",,,,0.0,,,,0.07,,,,0.3,,,,0.07,,,,0.2,,,,0.03,,,
0.25,,,,"[1119, 664, 18, 24]",,,,0.0,,,,0.15,,,,0.09,,,,0.07,,,,0.35,,,,0.08,,,
0.26,,,,"[404, 143, 212, 260]",,,,0.0,,,,0.1,,,,0.19,,,,0.18,,,,0.23,,,,0.05,,,
0.28,,,,"[402, 142, 215, 264]",,,,0.0,,,,0.13,,,,0.15,,,,0.11,,,,0.28,,,,0.05,,,
0.29,,,,"[400, 136, 225, 276]",,,,0.0,,,,0.09,,,,0.15,,,,0.1,,,,0.33,,,,0.04,,,
0.23,,,,"[403, 141, 214, 262]",,,,0.0,,,,0.13,,,,0.08,,,,0.22,,,,0.31,,,,0.04,,,
0.24,,,,"[1119, 665, 17, 23]",,,,0.01,,,,0.1,,,,0.12,,,,0.08,,,,0.37,,,,0.08,,,
0.27,,,,"[413, 141, 212, 265]",,,,0.0,,,,0.18,,,,0.05,,,,0.15,,,,0.22,,,,0.14,,,
0.21,,,,"[407, 134, 223, 280]",,,,0.0,,,,0.14,,,,0.13,,,,0.2,,,,0.2,,,,0.12,,,
0.11,,,,"[420, 89, 143, 178]",,,,0.0,,,,0.06,,,,0.49,,,,0.19,,,,0.09,,,,0.06,,,
0.05,,,,"[419, 94, 144, 180]",,,,0.0,,,,0.03,,,,0.79,,,,0.07,,,,0.03,,,,0.03,,,
0.04,,,,"[423, 100, 140, 175]",,,,0.0,,,,0.03,,,,0.79,,,,0.06,,,,0.02,,,,0.07,,,
0.03,,,,"[424, 103, 138, 174]",,,,0.0,,,,0.02,,,,0.82,,,,0.04,,,,0.01,,,,0.09,,,
0.04,,,,"[425, 104, 137, 174]",,,,0.0,,,,0.02,,,,0.82,,,,0.04,,,,0.01,,,,0.08,,,
0.03,,,,"[423, 102, 139, 175]",,,,0.0,,,,0.01,,,,0.86,,,,0.02,,,,0.01,,,,0.07,,,
0.05,,,,"[423, 99, 136, 174]",,,,0.0,,,,0.02,,,,0.79,,,,0.01,,,,0.01,,,,0.13,,,
0.04,,,,"[416, 91, 142, 179]",,,,0.0,,,,0.01,,,,0.87,,,,0.01,,,,0.0,,,,0.06,,,
0.02,,,,"[418, 84, 141, 181]",,,,0.0,,,,0.01,,,,0.58,,,,0.0,,,,0.0,,,,0.39,,,
0.01,,,,"[411, 72, 143, 188]",,,,0.0,,,,0.0,,,,0.59,,,,0.0,,,,0.0,,,,0.39,,,
0.01,,,,"[413, 68, 141, 186]",,,,0.0,,,,0.0,,,,0.85,,,,0.0,,,,0.0,,,,0.13,,,
0.07,,,,"[410, 65, 137, 180]",,,,0.0,,,,0.02,,,,0.83,,,,0.0,,,,0.0,,,,0.09,,,
0.27,,,,"[408, 58, 144, 193]",,,,0.0,,,,0.04,,,,0.56,,,,0.01,,,,0.01,,,,0.11,,,
0.14,,,,"[408, 57, 144, 183]",,,,0.0,,,,0.06,,,,0.64,,,,0.02,,,,0.09,,,,0.05,,,
0.15,,,,"[409, 68, 128, 157]",,,,0.0,,,,0.16,,,,0.41,,,,0.11,,,,0.12,,,,0.05,,,
0.18,,,,"[408, 63, 127, 152]",,,,0.0,,,,0.27,,,,0.14,,,,0.17,,,,0.07,,,,0.17,,,
0.1,,,,"[418, 68, 143, 182]",,,,0.01,,,,0.2,,,,0.04,,,,0.06,,,,0.53,,,,0.04,,,
0.05,,,,"[421, 71, 142, 181]",,,,0.0,,,,0.13,,,,0.11,,,,0.46,,,,0.2,,,,0.06,,,
0.02,,,,"[424, 78, 139, 176]",,,,0.0,,,,0.02,,,,0.21,,,,0.69,,,,0.03,,,,0.04,,,
0.02,,,,"[426, 83, 139, 175]",,,,0.0,,,,0.03,,,,0.15,,,,0.72,,,,0.02,,,,0.06,,,
0.04,,,,"[428, 84, 142, 181]",,,,0.0,,,,0.05,,,,0.15,,,,0.59,,,,0.03,,,,0.14,,,
0.02,,,,"[428, 92, 142, 179]",,,,0.0,,,,0.03,,,,0.48,,,,0.24,,,,0.01,,,,0.21,,,
0.04,,,,"[435, 97, 140, 178]",,,,0.01,,,,0.07,,,,0.21,,,,0.25,,,,0.03,,,,0.4,,,
0.04,,,,"[431, 106, 135, 174]",,,,0.0,,,,0.05,,,,0.46,,,,0.26,,,,0.02,,,,0.15,,,
0.02,,,,"[432, 104, 143, 180]",,,,0.0,,,,0.04,,,,0.47,,,,0.3,,,,0.02,,,,0.14,,,
0.02,,,,"[433, 105, 143, 180]",,,,0.0,,,,0.04,,,,0.51,,,,0.3,,,,0.02,,,,0.1,,,
0.03,,,,"[433, 105, 144, 180]",,,,0.0,,,,0.04,,,,0.5,,,,0.29,,,,0.02,,,,0.12,,,
0.03,,,,"[433, 104, 143, 180]",,,,0.0,,,,0.05,,,,0.36,,,,0.3,,,,0.02,,,,0.24,,,
0.01,,,,"[434, 104, 143, 179]",,,,0.0,,,,0.04,,,,0.42,,,,0.23,,,,0.01,,,,0.29,,,
0.01,,,,"[438, 102, 142, 179]",,,,0.0,,,,0.04,,,,0.36,,,,0.19,,,,0.01,,,,0.39,,,
0.01,,,,"[438, 102, 141, 179]",,,,0.0,,,,0.03,,,,0.29,,,,0.32,,,,0.01,,,,0.33,,,
0.01,,,,"[438, 101, 141, 180]",,,,0.0,,,,0.03,,,,0.25,,,,0.19,,,,0.01,,,,0.51,,,
0.02,,,,"[437, 101, 142, 181]",,,,0.0,,,,0.04,,,,0.19,,,,0.23,,,,0.01,,,,0.51,,,
0.01,,,,"[438, 101, 142, 183]",,,,0.0,,,,0.04,,,,0.15,,,,0.13,,,,0.01,,,,0.66,,,
0.02,,,,"[443, 105, 138, 175]",,,,0.0,,,,0.06,,,,0.37,,,,0.12,,,,0.01,,,,0.42,,,
0.01,,,,"[437, 101, 142, 184]",,,,0.0,,,,0.02,,,,0.07,,,,0.05,,,,0.0,,,,0.86,,,
0.01,,,,"[435, 95, 140, 185]",,,,0.0,,,,0.03,,,,0.06,,,,0.1,,,,0.0,,,,0.79,,,
0.04,,,,"[433, 92, 145, 188]",,,,0.0,,,,0.21,,,,0.03,,,,0.14,,,,0.02,,,,0.55,,,
0.22,,,,"[434, 90, 143, 182]",,,,0.0,,,,0.25,,,,0.11,,,,0.26,,,,0.1,,,,0.06,,,
0.17,,,,"[434, 88, 143, 181]",,,,0.0,,,,0.1,,,,0.32,,,,0.33,,,,0.08,,,,0.01,,,
0.12,,,,"[433, 88, 143, 180]",,,,0.0,,,,0.06,,,,0.72,,,,0.05,,,,0.03,,,,0.03,,,
0.08,,,,"[433, 89, 142, 182]",,,,0.0,,,,0.03,,,,0.84,,,,0.02,,,,0.01,,,,0.02,,,
0.11,,,,"[431, 91, 144, 185]",,,,0.0,,,,0.05,,,,0.78,,,,0.02,,,,0.01,,,,0.03,,,
0.34,,,,"[430, 97, 143, 184]",,,,0.0,,,,0.1,,,,0.36,,,,0.04,,,,0.02,,,,0.15,,,
0.11,,,,"[433, 96, 140, 186]",,,,0.0,,,,0.04,,,,0.57,,,,0.14,,,,0.02,,,,0.11,,,
0.04,,,,"[432, 107, 144, 185]",,,,0.0,,,,0.03,,,,0.54,,,,0.25,,,,0.02,,,,0.12,,,
0.03,,,,"[432, 112, 145, 185]",,,,0.0,,,,0.04,,,,0.39,,,,0.39,,,,0.03,,,,0.12,,,
0.03,,,,"[433, 115, 145, 185]",,,,0.0,,,,0.03,,,,0.39,,,,0.42,,,,0.03,,,,0.1,,,
0.02,,,,"[433, 117, 146, 187]",,,,0.0,,,,0.02,,,,0.43,,,,0.43,,,,0.02,,,,0.07,,,
0.02,,,,"[433, 117, 149, 191]",,,,0.0,,,,0.02,,,,0.5,,,,0.36,,,,0.02,,,,0.09,,,
0.04,,,,"[434, 120, 149, 190]",,,,0.0,,,,0.05,,,,0.37,,,,0.26,,,,0.03,,,,0.25,,,
0.03,,,,"[434, 119, 150, 191]",,,,0.0,,,,0.03,,,,0.4,,,,0.36,,,,0.03,,,,0.15,,,
0.02,,,,"[436, 117, 148, 187]",,,,0.0,,,,0.03,,,,0.6,,,,0.25,,,,0.02,,,,0.07,,,
0.03,,,,"[442, 121, 140, 179]",,,,0.0,,,,0.06,,,,0.19,,,,0.46,,,,0.05,,,,0.21,,,
0.05,,,,"[443, 125, 87, 117]",,,,0.0,,,,0.13,,,,0.49,,,,0.27,,,,0.03,,,,0.02,,,
0.04,,,,"[898, 40, 104, 137]",,,,0.0,,,,0.02,,,,0.28,,,,0.6,,,,0.05,,,,0.01,,,
0.19,,,,"[460, 131, 91, 129]",,,,0.0,,,,0.12,,,,0.07,,,,0.48,,,,0.07,,,,0.06,,,
0.11,,,,"[488, 163, 75, 100]",,,,0.01,,,,0.11,,,,0.35,,,,0.18,,,,0.2,,,,0.03,,,
0.02,,,,"[863, 39, 97, 131]",,,,0.0,,,,0.02,,,,0.31,,,,0.62,,,,0.03,,,,0.0,,,
0.04,,,,"[884, 172, 20, 25]",,,,0.0,,,,0.02,,,,0.01,,,,0.1,,,,0.82,,,,0.0,,,
0.06,0.12,,,"[545, 127, 84, 104]","[930, 176, 21, 25]",,,0.0,0.0,,,0.14,0.13,,,0.19,0.1,,,0.05,0.13,,,0.56,0.5,,,0.0,0.01,,
0.01,,,,"[542, 123, 85, 109]",,,,0.0,,,,0.02,,,,0.84,,,,0.03,,,,0.09,,,,0.01,,,
0.0,,,,"[538, 122, 81, 106]",,,,0.0,,,,0.01,,,,0.93,,,,0.04,,,,0.02,,,,0.0,,,
0.0,0.09,0.18,,"[527, 116, 90, 113]","[881, 66, 89, 119]","[945, 175, 22, 26]",,0.0,0.0,0.0,,0.0,0.1,0.12,,1.0,0.22,0.04,,0.0,0.23,0.06,,0.0,0.35,0.59,,0.0,0.0,0.01,
0.0,,,,"[526, 114, 87, 113]",,,,0.0,,,,0.0,,,,0.99,,,,0.0,,,,0.0,,,,0.0,,,
0.12,0.0,,,"[890, 65, 92, 121]","[521, 111, 89, 115]",,,0.0,0.0,,,0.13,0.0,,,0.15,1.0,,,0.19,0.0,,,0.41,0.0,,,0.0,0.0,,
0.0,0.1,,,"[517, 106, 90, 118]","[899, 65, 89, 121]",,,0.0,0.0,,,0.0,0.13,,,1.0,0.23,,,0.0,0.22,,,0.0,0.31,,,0.0,0.0,,
0.0,,,,"[513, 105, 87, 115]",,,,0.0,,,,0.0,,,,1.0,,,,0.0,,,,0.0,,,,0.0,,,
0.0,0.1,,,"[509, 101, 91, 121]","[912, 65, 90, 122]",,,0.0,0.0,,,0.0,0.09,,,1.0,0.44,,,0.0,0.16,,,0.0,0.2,,,0.0,0.0,,
0.0,0.11,,,"[507, 99, 92, 119]","[919, 66, 88, 121]",,,0.0,0.0,,,0.0,0.04,,,1.0,0.62,,,0.0,0.14,,,0.0,0.09,,,0.0,0.0,,
0.0,0.07,,,"[503, 97, 93, 120]","[922, 63, 90, 121]",,,0.0,0.0,,,0.0,0.05,,,1.0,0.63,,,0.0,0.19,,,0.0,0.06,,,0.0,0.0,,
0.0,0.06,,,"[501, 96, 94, 120]","[930, 66, 86, 116]",,,0.0,0.0,,,0.0,0.02,,,1.0,0.8,,,0.0,0.08,,,0.0,0.03,,,0.0,0.0,,
0.0,0.11,,,"[497, 94, 97, 121]","[935, 66, 84, 115]",,,0.0,0.0,,,0.0,0.02,,,1.0,0.81,,,0.0,0.05,,,0.0,0.02,,,0.0,0.0,,
0.0,0.13,,,"[493, 94, 92, 119]","[937, 64, 86, 115]",,,0.0,0.0,,,0.0,0.04,,,1.0,0.76,,,0.0,0.04,,,0.0,0.03,,,0.0,0.0,,
0.0,0.08,,,"[491, 93, 92, 118]","[943, 60, 81, 118]",,,0.0,0.0,,,0.0,0.02,,,1.0,0.84,,,0.0,0.04,,,0.0,0.01,,,0.0,0.01,,
0.0,0.17,,,"[487, 91, 94, 120]","[945, 61, 80, 113]",,,0.0,0.0,,,0.0,0.03,,,1.0,0.74,,,0.0,0.03,,,0.0,0.02,,,0.0,0.01,,
0.0,0.16,,,"[482, 91, 95, 120]","[946, 63, 80, 109]",,,0.0,0.0,,,0.0,0.03,,,1.0,0.76,,,0.0,0.01,,,0.0,0.02,,,0.0,0.01,,
0.0,0.23,,,"[477, 93, 91, 117]","[945, 62, 82, 116]",,,0.0,0.0,,,0.0,0.02,,,1.0,0.72,,,0.0,0.01,,,0.0,0.01,,,0.0,0.01,,
0.0,0.15,,,"[472, 95, 90, 115]","[945, 65, 80, 112]",,,0.0,0.0,,,0.0,0.01,,,0.99,0.79,,,0.0,0.01,,,0.0,0.02,,,0.0,0.01,,
0.03,0.0,,,"[939, 67, 83, 113]","[466, 92, 92, 117]",,,0.0,0.0,,,0.01,0.0,,,0.95,0.99,,,0.0,0.0,,,0.01,0.0,,,0.0,0.0,,
0.0,0.21,0.23,0.02,"[460, 91, 91, 116]","[938, 67, 81, 118]","[423, 441, 26, 34]","[485, 444, 120, 159]",0.0,0.0,0.01,0.0,0.0,0.02,0.15,0.05,1.0,0.73,0.21,0.06,0.0,0.01,0.06,0.14,0.0,0.02,0.34,0.73,0.0,0.01,0.01,0.01
0.03,0.0,0.1,,"[933, 70, 84, 111]","[453, 88, 94, 117]","[411, 439, 27, 35]",,0.0,0.0,0.0,,0.01,0.0,0.15,,0.91,0.99,0.39,,0.01,0.0,0.06,,0.03,0.0,0.3,,0.0,0.0,0.0,
0.0,0.05,,,"[448, 87, 92, 113]","[926, 73, 82, 114]",,,0.0,0.0,,,0.0,0.01,,,1.0,0.91,,,0.0,0.0,,,0.0,0.02,,,0.0,0.0,,
0.0,0.01,,,"[440, 80, 94, 120]","[916, 75, 82, 113]",,,0.0,0.0,,,0.0,0.0,,,1.0,0.98,,,0.0,0.0,,,0.0,0.01,,,0.0,0.0,,
0.0,0.0,,,"[432, 82, 91, 113]","[909, 73, 85, 111]",,,0.0,0.0,,,0.0,0.0,,,0.99,0.99,,,0.0,0.0,,,0.0,0.0,,,0.0,0.0,,
0.0,0.01,,,"[425, 78, 92, 115]","[903, 76, 83, 114]",,,0.0,0.0,,,0.0,0.0,,,0.99,0.98,,,0.0,0.0,,,0.0,0.0,,,0.0,0.0,,
0.0,0.0,,,"[417, 78, 92, 115]","[898, 77, 84, 114]",,,0.0,0.0,,,0.0,0.0,,,0.98,1.0,,,0.01,0.0,,,0.0,0.0,,,0.0,0.0,,
0.0,0.0,,,"[410, 77, 93, 116]","[896, 75, 83, 114]",,,0.0,0.0,,,0.0,0.0,,,0.99,1.0,,,0.01,0.0,,,0.0,0.0,,,0.0,0.0,,
0.0,0.0,,,"[399, 80, 91, 114]","[894, 75, 84, 113]",,,0.0,0.0,,,0.0,0.0,,,0.99,1.0,,,0.01,0.0,,,0.0,0.0,,,0.0,0.0,,
0.0,0.0,,,"[894, 75, 84, 114]","[394, 81, 92, 117]",,,0.0,0.0,,,0.0,0.0,,,1.0,0.98,,,0.0,0.02,,,0.0,0.0,,,0.0,0.0,,
0.0,0.0,0.04,,"[386, 84, 94, 118]","[897, 79, 82, 110]","[339, 449, 152, 181]",,0.0,0.0,0.0,,0.0,0.0,0.2,,0.99,1.0,0.03,,0.01,0.0,0.18,,0.0,0.0,0.54,,0.0,0.0,0.01,
0.0,0.0,0.06,,"[378, 87, 96, 122]","[898, 83, 82, 109]","[320, 458, 142, 176]",,0.0,0.0,0.0,,0.0,0.0,0.14,,0.99,1.0,0.02,,0.01,0.0,0.1,,0.0,0.0,0.68,,0.0,0.0,0.0,
0.0,0.0,,,"[900, 86, 83, 111]","[372, 97, 93, 118]",,,0.0,0.0,,,0.0,0.0,,,1.0,0.98,,,0.0,0.01,,,0.0,0.0,,,0.0,0.01,,
0.0,0.0,,,"[365, 103, 95, 121]","[902, 97, 82, 108]",,,0.0,0.0,,,0.0,0.0,,,0.98,1.0,,,0.01,0.0,,,0.0,0.0,,,0.0,0.0,,
0.0,0.0,,,"[361, 113, 94, 119]","[906, 103, 79, 108]",,,0.0,0.0,,,0.0,0.0,,,0.97,1.0,,,0.02,0.0,,,0.0,0.0,,,0.01,0.0,,
0.0,0.0,,,"[360, 119, 94, 120]","[913, 110, 81, 107]",,,0.0,0.0,,,0.0,0.0,,,0.98,1.0,,,0.01,0.0,,,0.0,0.0,,,0.0,0.0,,
0.0,0.0,,,"[358, 124, 95, 120]","[919, 116, 82, 105]",,,0.0,0.0,,,0.0,0.0,,,0.98,1.0,,,0.01,0.0,,,0.0,0.0,,,0.0,0.0,,
0.0,0.0,,,"[361, 132, 93, 118]","[928, 122, 80, 104]",,,0.0,0.0,,,0.0,0.0,,,0.97,1.0,,,0.01,0.0,,,0.0,0.0,,,0.01,0.0,,
0.19,,,,"[860, 142, 184, 223]",,,,0.0,,,,0.15,,,,0.11,,,,0.06,,,,0.38,,,,0.12,,,
0.01,0.04,,,"[233, 124, 91, 122]","[831, 110, 103, 150]",,,0.0,0.0,,,0.01,0.02,,,0.72,0.8,,,0.25,0.07,,,0.01,0.06,,,0.01,0.0,,
0.02,0.04,,,"[233, 125, 91, 121]","[830, 111, 102, 147]",,,0.0,0.0,,,0.02,0.02,,,0.65,0.76,,,0.28,0.1,,,0.01,0.08,,,0.02,0.0,,
0.02,0.03,,,"[234, 127, 88, 118]","[831, 114, 99, 138]",,,0.0,0.0,,,0.02,0.03,,,0.83,0.69,,,0.12,0.16,,,0.02,0.09,,,0.0,0.0,,
0.01,0.08,,,"[234, 127, 89, 118]","[827, 111, 103, 142]",,,0.0,0.0,,,0.03,0.03,,,0.78,0.68,,,0.13,0.12,,,0.05,0.1,,,0.0,0.0,,
0.11,0.02,,,"[823, 106, 106, 151]","[233, 127, 89, 121]",,,0.0,0.0,,,0.04,0.02,,,0.63,0.82,,,0.13,0.11,,,0.1,0.03,,,0.0,0.0,,
0.02,0.09,,,"[233, 127, 90, 120]","[822, 106, 106, 150]",,,0.0,0.0,,,0.01,0.03,,,0.8,0.59,,,0.16,0.22,,,0.01,0.05,,,0.0,0.0,,
0.13,0.03,,,"[821, 106, 105, 153]","[233, 126, 91, 122]",,,0.0,0.0,,,0.05,0.02,,,0.13,0.74,,,0.6,0.18,,,0.08,0.01,,,0.02,0.01,,
0.04,0.12,,,"[233, 126, 91, 122]","[815, 100, 106, 157]",,,0.0,0.0,,,0.02,0.09,,,0.73,0.16,,,0.19,0.5,,,0.01,0.11,,,0.02,0.01,,
0.04,0.08,,,"[233, 126, 91, 122]","[819, 105, 103, 153]",,,0.0,0.0,,,0.03,0.21,,,0.71,0.04,,,0.2,0.46,,,0.02,0.16,,,0.01,0.05,,
0.77,,,,"[758, 197, 174, 250]",,,,0.01,,,,0.14,,,,0.01,,,,0.01,,,,0.07,,,,0.0,,,
0.83,,,,"[758, 209, 171, 237]",,,,0.02,,,,0.08,,,,0.01,,,,0.01,,,,0.06,,,,0.0,,,
0.79,,,,"[752, 200, 182, 261]",,,,0.0,,,,0.13,,,,0.02,,,,0.02,,,,0.04,,,,0.0,,,
0.89,,,,"[758, 213, 171, 240]",,,,0.01,,,,0.04,,,,0.01,,,,0.01,,,,0.04,,,,0.0,,,
0.89,,,,"[759, 215, 172, 241]",,,,0.01,,,,0.07,,,,0.0,,,,0.0,,,,0.02,,,,0.01,,,
0.79,,,,"[758, 213, 172, 245]",,,,0.01,,,,0.1,,,,0.01,,,,0.02,,,,0.07,,,,0.0,,,
0.07,0.77,,,"[264, 87, 104, 144]","[719, 78, 126, 177]",,,0.0,0.0,,,0.2,0.03,,,0.08,0.13,,,0.31,0.02,,,0.33,0.05,,,0.01,0.0,,
0.06,0.42,,,"[269, 91, 107, 143]","[723, 80, 129, 186]",,,0.0,0.0,,,0.24,0.03,,,0.14,0.47,,,0.38,0.02,,,0.15,0.06,,,0.02,0.01,,
0.09,0.58,,,"[268, 92, 111, 146]","[724, 82, 127, 183]",,,0.0,0.0,,,0.17,0.02,,,0.17,0.33,,,0.42,0.03,,,0.13,0.04,,,0.02,0.01,,
0.08,0.69,,,"[273, 95, 105, 144]","[722, 84, 136, 191]",,,0.0,0.0,,,0.1,0.07,,,0.24,0.1,,,0.48,0.05,,,0.09,0.09,,,0.02,0.01,,
0.08,0.42,,,"[273, 97, 106, 143]","[723, 83, 132, 193]",,,0.0,0.0,,,0.1,0.06,,,0.17,0.27,,,0.52,0.1,,,0.08,0.14,,,0.05,0.01,,
0.06,0.45,,,"[274, 98, 104, 142]","[723, 88, 127, 188]",,,0.0,0.0,,,0.18,0.09,,,0.07,0.23,,,0.52,0.1,,,0.14,0.1,,,0.03,0.02,,
0.06,0.43,,,"[274, 100, 104, 142]","[723, 88, 128, 191]",,,0.0,0.0,,,0.14,0.1,,,0.06,0.19,,,0.54,0.13,,,0.18,0.12,,,0.02,0.03,,
0.06,0.37,,,"[273, 100, 107, 145]","[723, 88, 129, 191]",,,0.0,0.0,,,0.11,0.12,,,0.07,0.17,,,0.58,0.14,,,0.14,0.16,,,0.04,0.03,,
0.06,0.38,,,"[275, 101, 108, 145]","[719, 89, 131, 179]",,,0.0,0.0,,,0.04,0.15,,,0.03,0.21,,,0.76,0.11,,,0.1,0.12,,,0.01,0.04,,
0.08,0.2,,,"[275, 103, 107, 144]","[721, 92, 129, 187]",,,0.0,0.0,,,0.05,0.07,,,0.05,0.29,,,0.66,0.23,,,0.14,0.17,,,0.02,0.03,,
0.07,0.19,,,"[275, 104, 106, 144]","[722, 93, 128, 188]",,,0.0,0.0,,,0.04,0.11,,,0.05,0.24,,,0.71,0.22,,,0.12,0.21,,,0.01,0.03,,
0.1,0.14,,,"[275, 107, 105, 142]","[724, 93, 132, 194]",,,0.01,0.0,,,0.07,0.11,,,0.11,0.27,,,0.44,0.25,,,0.26,0.19,,,0.01,0.02,,
0.03,0.06,,,"[249, 184, 101, 131]","[885, 226, 115, 144]",,,0.0,0.0,,,0.03,0.02,,,0.1,0.09,,,0.65,0.37,,,0.19,0.46,,,0.0,0.0,,
0.04,0.12,,,"[249, 183, 102, 132]","[885, 225, 113, 144]",,,0.0,0.0,,,0.02,0.02,,,0.26,0.07,,,0.58,0.22,,,0.1,0.56,,,0.0,0.0,,
0.03,0.11,,,"[250, 184, 102, 131]","[888, 227, 115, 141]",,,0.0,0.0,,,0.02,0.03,,,0.14,0.05,,,0.71,0.23,,,0.1,0.58,,,0.0,0.0,,
0.06,0.09,,,"[884, 225, 116, 143]","[250, 185, 102, 130]",,,0.0,0.0,,,0.03,0.07,,,0.12,0.25,,,0.21,0.45,,,0.58,0.14,,,0.0,0.0,,
0.08,0.11,,,"[881, 225, 117, 143]","[251, 185, 101, 130]",,,0.0,0.0,,,0.03,0.06,,,0.06,0.21,,,0.12,0.47,,,0.72,0.14,,,0.0,0.0,,
0.08,0.12,,,"[252, 186, 102, 129]","[881, 228, 112, 144]",,,0.0,0.0,,,0.05,0.04,,,0.13,0.14,,,0.51,0.16,,,0.22,0.53,,,0.0,0.0,,
0.07,0.06,,,"[254, 187, 101, 128]","[877, 228, 113, 142]",,,0.0,0.0,,,0.05,0.03,,,0.08,0.33,,,0.55,0.2,,,0.25,0.37,,,0.0,0.0,,
0.07,0.05,0.4,,"[874, 228, 118, 140]","[257, 188, 99, 129]","[380, 631, 31, 33]",,0.0,0.0,0.01,,0.1,0.03,0.12,,0.12,0.05,0.08,,0.14,0.69,0.07,,0.58,0.17,0.32,,0.0,0.0,0.01,
0.14,0.05,,,"[877, 230, 112, 140]","[259, 189, 99, 128]",,,0.0,0.0,,,0.08,0.04,,,0.18,0.03,,,0.24,0.59,,,0.35,0.29,,,0.0,0.0,,
0.21,,,,"[118, 203, 88, 112]",,,,0.0,,,,0.27,,,,0.11,,,,0.26,,,,0.14,,,,0.0,,,
0.04,,,,"[695, 130, 104, 134]",,,,0.0,,,,0.07,,,,0.27,,,,0.29,,,,0.32,,,,0.0,,,
0.03,,,,"[678, 135, 105, 137]",,,,0.0,,,,0.1,,,,0.24,,,,0.38,,,,0.24,,,,0.01,,,
0.02,0.02,,,"[654, 136, 108, 138]","[627, 128, 99, 125]",,,0.0,0.0,,,0.04,0.02,,,0.73,0.4,,,0.13,0.47,,,0.08,0.04,,,0.01,0.05,,
0.21,,,,"[638, 138, 107, 139]",,,,0.0,,,,0.1,,,,0.32,,,,0.14,,,,0.23,,,,0.01,,,
0.13,,,,"[630, 150, 101, 134]",,,,0.0,,,,0.2,,,,0.13,,,,0.2,,,,0.32,,,,0.02,,,
0.08,,,,"[620, 152, 98, 132]",,,,0.0,,,,0.1,,,,0.09,,,,0.56,,,,0.16,,,,0.02,,,
0.2,,,,"[611, 148, 101, 140]",,,,0.0,,,,0.13,,,,0.04,,,,0.42,,,,0.19,,,,0.02,,,
0.09,0.07,,,"[682, 272, 28, 33]","[589, 146, 98, 137]",,,0.0,0.0,,,0.22,0.21,,,0.0,0.02,,,0.15,0.22,,,0.52,0.47,,,0.02,0.0,,
0.04,,,,"[584, 143, 102, 142]",,,,0.0,,,,0.15,,,,0.02,,,,0.17,,,,0.61,,,,0.01,,,
